{
    "hidden": 10,
    "epochs": 988,
    "momentum": 1,
    "boldDriver": 1,
    "annealing": 0,
    "WD": 1,
    "RMSE": 0.024304251212059803,
    "weights": "{(1, 6): -0.6703727226769517, (1, 7): -0.5003553796287376, (1, 8): 0.38398751612377613, (1, 9): 0.7695102562440546, (1, 10): 1.087449623668567, (1, 11): -1.744114100686202, (1, 12): -0.10019401838489045, (1, 13): -0.3961466978563098, (1, 14): 0.07482598527053093, (1, 15): 0.2837731287173251, (2, 6): 0.5862709689685641, (2, 7): 0.3139361346264563, (2, 8): -1.9736151671160558, (2, 9): 1.7379627863075053, (2, 10): 0.3345474049403693, (2, 11): -1.3583945465652416, (2, 12): 0.051626943829447325, (2, 13): 0.34020366953443454, (2, 14): 0.24303492557590442, (2, 15): 0.5408408133116627, (3, 6): -1.6039573488176804, (3, 7): 0.4207617950996415, (3, 8): -1.400749606456162, (3, 9): -2.289778707537171, (3, 10): 2.284210297188378, (3, 11): -2.060079568008954, (3, 12): 0.6011276133490894, (3, 13): 0.2673803033125814, (3, 14): -0.6404991484044746, (3, 15): -0.28138484125394336, (4, 6): -0.8508657863751455, (4, 7): -0.2638465673020093, (4, 8): 0.5376996869393982, (4, 9): -0.12295711698762436, (4, 10): -0.28948880855642195, (4, 11): -0.35521753669685946, (4, 12): -0.3333668724264547, (4, 13): 0.08671934592515547, (4, 14): -0.37915690088515175, (4, 15): -0.36301770348497026, (5, 6): 1.5701987785976808, (5, 7): -0.788807046819796, (5, 8): 0.10454713454918889, (5, 9): -2.258880738615562, (5, 10): -0.6051233448009657, (5, 11): 1.8093510322915174, (5, 12): -0.5133209685669433, (5, 13): -0.7320992689703241, (5, 14): -0.7041460965901456, (5, 15): -1.0798354317268017, (0, 6): -0.6542131806981221, (0, 7): -0.056400023161729484, (0, 8): -0.6561657154416926, (0, 9): -0.8061653447275269, (0, 10): -2.158867748121208, (0, 11): 3.2595600426334226, (0, 12): -0.6439521007464455, (0, 13): -0.5117516086199598, (0, 14): -0.7660352834775646, (0, 15): -0.8400137333251743, (0, 16): 0.5267019056572693, (6, 16): -1.4989223938382912, (7, 16): 0.6645003489464447, (8, 16): -1.5108202484510047, (9, 16): 2.4097541951618076, (10, 16): 1.9537869667733576, (11, 16): -2.3701023186348364, (12, 16): 0.6740404569506934, (13, 16): 0.5556837964362462, (14, 16): 0.5192500891523399, (15, 16): 0.7964892109552139}"
}